YEAR,LOCATION,INDICATOR,SUBJECT,FREQUENCY,REGISTERED_VEHICLES,VAR,UNIT,CAR_ACCIDENTS
2010,AUS,PASSCAR,TOT,M,1377.874391825986,injracir,blessetx,1478.0
2010,AUT,PASSCAR,TOT,M,1277.813031712338,injracir,blessetx,5485.0
2010,BEL,PASSCAR,TOT,M,1310.8213289267285,injracir,blessetx,5417.0
2010,BGR,PASSCAR,TOT,M,774.0435356200528,injracir,blessetx,1072.0
2010,CAN,PASSCAR,TOT,M,1196.4487970328032,injracir,blessetx,5060.0
2010,CHE,PASSCAR,TOT,M,1087.9535860464682,injracir,blessetx,3097.0
2010,CZE,PASSCAR,TOT,M,881.4807434905591,injracir,blessetx,2318.0
2010,DEU,PASSCAR,TOT,M,1091.5365425655677,injracir,blessetx,4623.0
2010,DNK,PASSCAR,TOT,M,892.0155623947508,injracir,blessetx,749.0
2010,ESP,PASSCAR,TOT,M,1139.4135938551503,injracir,blessetx,2586.0
2010,EST,PASSCAR,TOT,M,586.9999049700656,injracir,blessetx,1298.0
2010,FIN,PASSCAR,TOT,M,1234.9571306481391,injracir,blessetx,1431.0
2010,GBR,PASSCAR,TOT,M,925.3891869498532,injracir,blessetx,3437.0
2010,GRC,PASSCAR,TOT,M,2240.0031660598393,injracir,blessetx,1718.0
2010,HUN,PASSCAR,TOT,M,676.0467014811263,injracir,blessetx,2166.0
2010,IRL,PASSCAR,TOT,M,841.2880852117906,injracir,blessetx,1815.0
2010,ISL,PASSCAR,TOT,M,265.67823793570466,injracir,blessetx,3965.0
2010,ISR,PASSCAR,TOT,M,1009.3311798828763,injracir,blessetx,3824.0
2010,ITA,PASSCAR,TOT,M,1494.657851558732,injracir,blessetx,5094.0
2010,JPN,PASSCAR,TOT,M,1298.9986633314654,injracir,blessetx,6999.0
2010,KOR,PASSCAR,TOT,M,971.2409220736807,injracir,blessetx,7133.0
2010,LTU,PASSCAR,TOT,M,560.215557638238,injracir,blessetx,1366.0
2010,LUX,PASSCAR,TOT,M,1283.9971596410815,injracir,blessetx,2335.0
2010,LVA,PASSCAR,TOT,M,554.5632759747333,injracir,blessetx,1918.0
2010,NLD,PASSCAR,TOT,M,1290.311783687547,injracir,blessetx,750.0
2010,NOR,PASSCAR,TOT,M,1087.8461932254486,injracir,blessetx,1867.0
2010,NZL,PASSCAR,TOT,M,757.1883940202478,injracir,blessetx,9527.0
2010,POL,PASSCAR,TOT,M,1135.6072644721908,injracir,blessetx,1282.0
2010,PRT,PASSCAR,TOT,M,1502.2537436345608,injracir,blessetx,4385.0
2010,SVK,PASSCAR,TOT,M,987.3002004420005,injracir,blessetx,1495.0
2010,SWE,PASSCAR,TOT,M,1023.6199065017744,injracir,blessetx,2485.0
2010,TUR,PASSCAR,TOT,M,780.9166443312785,injracir,blessetx,2869.0
2010,USA,PASSCAR,TOT,M,898.301579884296,injracir,blessetx,7254.0
2011,AUS,PASSCAR,TOT,M,1302.0138340802382,injracir,blessetx,1513.0
2011,AUT,PASSCAR,TOT,M,1385.082076129053,injracir,blessetx,5367.0
2011,BEL,PASSCAR,TOT,M,1370.3847397348852,injracir,blessetx,5552.0
2011,BGR,PASSCAR,TOT,M,921.7183377308709,injracir,blessetx,1130.0
2011,CAN,PASSCAR,TOT,M,1164.2133754116805,injracir,blessetx,4885.0
2011,CHE,PASSCAR,TOT,M,1202.9785139831824,injracir,blessetx,2937.0
2011,CZE,PASSCAR,TOT,M,902.3508059101522,injracir,blessetx,2434.0
2011,DEU,PASSCAR,TOT,M,1187.8699031391354,injracir,blessetx,4888.0
2011,DNK,PASSCAR,TOT,M,985.9706172696125,injracir,blessetx,725.0
2011,ESP,PASSCAR,TOT,M,937.5664261016871,injracir,blessetx,2475.0
2011,EST,PASSCAR,TOT,M,973.296588425354,injracir,blessetx,1438.0
2011,FIN,PASSCAR,TOT,M,1390.8968102996735,injracir,blessetx,1472.0
2011,GBR,PASSCAR,TOT,M,884.5646274183092,injracir,blessetx,3330.0
2011,GRC,PASSCAR,TOT,M,1546.3036251385158,injracir,blessetx,1552.0
2011,HUN,PASSCAR,TOT,M,701.2064117349782,injracir,blessetx,2090.0
2011,IRL,PASSCAR,TOT,M,861.3524894723806,injracir,blessetx,1588.0
2011,ISL,PASSCAR,TOT,M,431.8768265735261,injracir,blessetx,3815.0
2011,ISR,PASSCAR,TOT,M,1037.9857603746686,injracir,blessetx,3639.0
2011,ITA,PASSCAR,TOT,M,1333.2428286235333,injracir,blessetx,4865.0
2011,JPN,PASSCAR,TOT,M,1058.7018230827675,injracir,blessetx,6687.0
2011,KOR,PASSCAR,TOT,M,1011.5959007428221,injracir,blessetx,6858.0
2011,LTU,PASSCAR,TOT,M,930.2249297094658,injracir,blessetx,1294.0
2011,LUX,PASSCAR,TOT,M,1287.999483571105,injracir,blessetx,2518.0
2011,LVA,PASSCAR,TOT,M,956.6543236767594,injracir,blessetx,2052.0
2011,NLD,PASSCAR,TOT,M,1484.2158673639713,injracir,blessetx,348.0
2011,NOR,PASSCAR,TOT,M,1150.492875629248,injracir,blessetx,1688.0
2011,NZL,PASSCAR,TOT,M,728.1809842547718,injracir,blessetx,8073.0
2011,POL,PASSCAR,TOT,M,1014.5414301929624,injracir,blessetx,1296.0
2011,PRT,PASSCAR,TOT,M,1031.2700626880217,injracir,blessetx,3974.0
2011,SVK,PASSCAR,TOT,M,1052.3821760805884,injracir,blessetx,1307.0
2011,SWE,PASSCAR,TOT,M,1083.0178044494553,injracir,blessetx,2366.0
2011,TUR,PASSCAR,TOT,M,968.5875100509253,injracir,blessetx,3186.0
2011,USA,PASSCAR,TOT,M,971.1639702114333,injracir,blessetx,7130.0
2012,AUS,PASSCAR,TOT,M,1342.3479152890445,injracir,blessetx,1487.0
2012,AUT,PASSCAR,TOT,M,1306.7751292314174,injracir,blessetx,6040.0
2012,BEL,PASSCAR,TOT,M,1165.683562644443,injracir,blessetx,5063.0
2012,BGR,PASSCAR,TOT,M,1038.2255936675463,injracir,blessetx,1121.0
2012,CAN,PASSCAR,TOT,M,1278.675655111031,injracir,blessetx,4803.0
2012,CHE,PASSCAR,TOT,M,1225.3173688570446,injracir,blessetx,2778.0
2012,CZE,PASSCAR,TOT,M,904.3936289564534,injracir,blessetx,2428.0
2012,DEU,PASSCAR,TOT,M,1153.7605558504838,injracir,blessetx,4779.0
2012,DNK,PASSCAR,TOT,M,980.9883282039369,injracir,blessetx,646.0
2012,ESP,PASSCAR,TOT,M,811.7200009282249,injracir,blessetx,2479.0
2012,EST,PASSCAR,TOT,M,1107.5168678133616,injracir,blessetx,1300.0
2012,FIN,PASSCAR,TOT,M,1226.896038375652,injracir,blessetx,1309.0
2012,GBR,PASSCAR,TOT,M,931.6605297203005,injracir,blessetx,3185.0
2012,GRC,PASSCAR,TOT,M,925.7400664872564,injracir,blessetx,1411.0
2012,HUN,PASSCAR,TOT,M,825.0612276632412,injracir,blessetx,1974.0
2012,IRL,PASSCAR,TOT,M,755.5709685409955,injracir,blessetx,1735.0
2012,ISL,PASSCAR,TOT,M,677.8815311141212,injracir,blessetx,3227.0
2012,ISR,PASSCAR,TOT,M,956.2773212445259,injracir,blessetx,3174.0
2012,ITA,PASSCAR,TOT,M,1069.0468812703507,injracir,blessetx,4434.0
2012,JPN,PASSCAR,TOT,M,1337.622948546582,injracir,blessetx,6473.0
2012,KOR,PASSCAR,TOT,M,976.1877115590964,injracir,blessetx,6891.0
2012,LTU,PASSCAR,TOT,M,855.0843486410495,injracir,blessetx,1322.0
2012,LUX,PASSCAR,TOT,M,1301.3491704860903,injracir,blessetx,2593.0
2012,LVA,PASSCAR,TOT,M,929.2093225876716,injracir,blessetx,2055.0
2012,NLD,PASSCAR,TOT,M,1341.7914765772778,injracir,blessetx,330.0
2012,NOR,PASSCAR,TOT,M,1172.8540143909445,injracir,blessetx,1633.0
2012,NZL,PASSCAR,TOT,M,780.0082935758297,injracir,blessetx,7889.0
2012,POL,PASSCAR,TOT,M,922.4574347332577,injracir,blessetx,1188.0
2012,PRT,PASSCAR,TOT,M,640.7220046721905,injracir,blessetx,3624.0
2012,SVK,PASSCAR,TOT,M,1068.016652104641,injracir,blessetx,1191.0
2012,SWE,PASSCAR,TOT,M,999.0882265176887,injracir,blessetx,2398.0
2012,TUR,PASSCAR,TOT,M,910.0509246850706,injracir,blessetx,3545.0
2012,USA,PASSCAR,TOT,M,1154.834664846745,injracir,blessetx,7526.0
2013,AUS,PASSCAR,TOT,M,1318.1446741505915,injracir,blessetx,1505.0
2013,AUT,PASSCAR,TOT,M,1240.7577255270526,injracir,blessetx,5667.0
2013,BEL,PASSCAR,TOT,M,1164.074193818777,injracir,blessetx,4751.0
2013,BGR,PASSCAR,TOT,M,1024.9670184696572,injracir,blessetx,1208.0
2013,CAN,PASSCAR,TOT,M,1281.8697162238418,injracir,blessetx,4690.0
2013,CHE,PASSCAR,TOT,M,1137.6822979553285,injracir,blessetx,2643.0
2013,CZE,PASSCAR,TOT,M,856.35350021875,injracir,blessetx,2406.0
2013,DEU,PASSCAR,TOT,M,1105.0751050672438,injracir,blessetx,4639.0
2013,DNK,PASSCAR,TOT,M,1048.9692816909585,injracir,blessetx,605.0
2013,ESP,PASSCAR,TOT,M,838.5224978534798,injracir,blessetx,2678.0
2013,EST,PASSCAR,TOT,M,1122.9117171909154,injracir,blessetx,1313.0
2013,FIN,PASSCAR,TOT,M,1140.8485650483838,injracir,blessetx,1228.0
2013,GBR,PASSCAR,TOT,M,1031.9655606999495,injracir,blessetx,2981.0
2013,GRC,PASSCAR,TOT,M,929.1752414120629,injracir,blessetx,1379.0
2013,HRV,PASSCAR,TOT,M,934.1285174296518,injracir,blessetx,3592.0
2013,HUN,PASSCAR,TOT,M,872.954866465382,injracir,blessetx,2090.0
2013,IRL,PASSCAR,TOT,M,706.9407976219964,injracir,blessetx,1498.0
2013,ISL,PASSCAR,TOT,M,622.1968778957869,injracir,blessetx,3759.0
2013,ISR,PASSCAR,TOT,M,992.9686420230853,injracir,blessetx,3233.0
2013,ITA,PASSCAR,TOT,M,994.0983140217098,injracir,blessetx,4256.0
2013,JPN,PASSCAR,TOT,M,1274.37689615583,injracir,blessetx,6139.0
2013,KOR,PASSCAR,TOT,M,975.9194559205444,injracir,blessetx,6545.0
2013,LTU,PASSCAR,TOT,M,854.9437675726333,injracir,blessetx,1355.0
2013,LUX,PASSCAR,TOT,M,1203.8990381511853,injracir,blessetx,2296.0
2013,LVA,PASSCAR,TOT,M,926.6826399477234,injracir,blessetx,2155.0
2013,NLD,PASSCAR,TOT,M,1113.1171692444643,injracir,blessetx,633.0
2013,NOR,PASSCAR,TOT,M,1201.460709308609,injracir,blessetx,1347.0
2013,NZL,PASSCAR,TOT,M,911.8108059428915,injracir,blessetx,7854.0
2013,POL,PASSCAR,TOT,M,984.1021566401815,injracir,blessetx,1144.0
2013,PRT,PASSCAR,TOT,M,712.0619821515604,injracir,blessetx,3706.0
2013,SVK,PASSCAR,TOT,M,1017.6286169501977,injracir,blessetx,1166.0
2013,SWE,PASSCAR,TOT,M,968.7278273266801,injracir,blessetx,2127.0
2013,TUR,PASSCAR,TOT,M,1053.3369069954438,injracir,blessetx,3585.0
2013,USA,PASSCAR,TOT,M,1209.2142339682432,injracir,blessetx,7312.0
2014,AUS,PASSCAR,TOT,M,1237.0436876918582,injracir,blessetx,1504.0
2014,AUT,PASSCAR,TOT,M,1179.632804524315,injracir,blessetx,5579.0
2014,BEL,PASSCAR,TOT,M,1156.5877549065397,injracir,blessetx,4742.0
2014,BGR,PASSCAR,TOT,M,1048.120052770448,injracir,blessetx,1196.0
2014,CAN,PASSCAR,TOT,M,1281.0762548398043,injracir,blessetx,4418.0
2014,CHE,PASSCAR,TOT,M,1107.9815248988973,injracir,blessetx,2628.0
2014,CZE,PASSCAR,TOT,M,999.6525987949251,injracir,blessetx,2504.0
2014,DEU,PASSCAR,TOT,M,1136.6437495204377,injracir,blessetx,4810.0
2014,DNK,PASSCAR,TOT,M,1094.0653852854075,injracir,blessetx,566.0
2014,ESP,PASSCAR,TOT,M,992.3978372357454,injracir,blessetx,2726.0
2014,EST,PASSCAR,TOT,M,1205.0745984985265,injracir,blessetx,1297.0
2014,FIN,PASSCAR,TOT,M,1171.5160036390694,injracir,blessetx,1222.0
2014,GBR,PASSCAR,TOT,M,1128.4293201868384,injracir,blessetx,3127.0
2014,GRC,PASSCAR,TOT,M,1127.4655690992568,injracir,blessetx,1333.0
2014,HRV,PASSCAR,TOT,M,1141.1003779924401,injracir,blessetx,3357.0
2014,HUN,PASSCAR,TOT,M,1049.2438869523523,injracir,blessetx,2103.0
2014,IRL,PASSCAR,TOT,M,915.1449095863262,injracir,blessetx,1732.0
2014,ISL,PASSCAR,TOT,M,806.5293320977976,injracir,blessetx,3568.0
2014,ISR,PASSCAR,TOT,M,1134.0238590727276,injracir,blessetx,2863.0
2014,ITA,PASSCAR,TOT,M,1036.7151108153548,injracir,blessetx,4131.0
2014,JPN,PASSCAR,TOT,M,1269.2125857603194,injracir,blessetx,5598.0
2014,KOR,PASSCAR,TOT,M,1088.6801304214857,injracir,blessetx,6693.0
2014,LTU,PASSCAR,TOT,M,1016.4714151827554,injracir,blessetx,1278.0
2014,LUX,PASSCAR,TOT,M,1285.7271964366398,injracir,blessetx,2196.0
2014,LVA,PASSCAR,TOT,M,1084.9052494010018,injracir,blessetx,2308.0
2014,NLD,PASSCAR,TOT,M,1035.0096806498275,injracir,blessetx,869.0
2014,NOR,PASSCAR,TOT,M,1174.3215494439855,injracir,blessetx,1225.0
2014,NZL,PASSCAR,TOT,M,1108.6098207666114,injracir,blessetx,7462.0
2014,POL,PASSCAR,TOT,M,1107.960272417707,injracir,blessetx,1106.0
2014,PRT,PASSCAR,TOT,M,960.1586527957511,injracir,blessetx,3897.0
2014,SVK,PASSCAR,TOT,M,1114.025800483117,injracir,blessetx,1221.0
2014,SWE,PASSCAR,TOT,M,1074.3576141374624,injracir,blessetx,1826.0
2014,TUR,PASSCAR,TOT,M,942.2138836772986,injracir,blessetx,3669.0
2014,USA,PASSCAR,TOT,M,1228.607034099371,injracir,blessetx,7333.0
2015,AUS,PASSCAR,TOT,M,1199.9999999999998,injracir,blessetx,1546.0
2015,AUT,PASSCAR,TOT,M,1199.9999999999989,injracir,blessetx,5489.0
2015,BEL,PASSCAR,TOT,M,1199.9999999999995,injracir,blessetx,4601.0
2015,BGR,PASSCAR,TOT,M,1200.0000000000005,injracir,blessetx,1250.0
2015,CAN,PASSCAR,TOT,M,1200.0,injracir,blessetx,4511.0
2015,CHE,PASSCAR,TOT,M,1200.0,injracir,blessetx,2600.0
2015,CZE,PASSCAR,TOT,M,1200.000000000001,injracir,blessetx,2551.0
2015,DEU,PASSCAR,TOT,M,1199.9999999999998,injracir,blessetx,4816.0
2015,DNK,PASSCAR,TOT,M,1199.9999999999995,injracir,blessetx,555.0
2015,ESP,PASSCAR,TOT,M,1199.9999999999998,injracir,blessetx,2897.0
2015,EST,PASSCAR,TOT,M,1199.9999999999998,injracir,blessetx,1312.0
2015,FIN,PASSCAR,TOT,M,1200.0,injracir,blessetx,1169.0
2015,GBR,PASSCAR,TOT,M,1199.999999999999,injracir,blessetx,2981.0
2015,GRC,PASSCAR,TOT,M,1200.0000000000005,injracir,blessetx,1298.0
2015,HRV,PASSCAR,TOT,M,1200.0000000000007,injracir,blessetx,3570.0
2015,HUN,PASSCAR,TOT,M,1200.0,injracir,blessetx,2189.0
2015,IRL,PASSCAR,TOT,M,1199.999999999999,injracir,blessetx,1665.0
2015,ISL,PASSCAR,TOT,M,1199.9999999999995,injracir,blessetx,3954.0
2015,ISR,PASSCAR,TOT,M,1200.0000000000002,injracir,blessetx,2851.0
2015,ITA,PASSCAR,TOT,M,1200.000000000001,injracir,blessetx,4066.0
2015,JPN,PASSCAR,TOT,M,1199.9999999999993,injracir,blessetx,5240.0
2015,KOR,PASSCAR,TOT,M,1200.0000000000018,injracir,blessetx,6923.0
2015,LTU,PASSCAR,TOT,M,1200.0,injracir,blessetx,1237.0
2015,LUX,PASSCAR,TOT,M,1200.0000000000007,injracir,blessetx,2367.0
2015,LVA,PASSCAR,TOT,M,1200.000000000001,injracir,blessetx,2309.0
2015,NLD,PASSCAR,TOT,M,1200.0,injracir,blessetx,1196.0
2015,NOR,PASSCAR,TOT,M,1200.0000000000014,injracir,blessetx,1096.0
2015,NZL,PASSCAR,TOT,M,1200.0000000000005,injracir,blessetx,8278.0
2015,POL,PASSCAR,TOT,M,1200.0000000000005,injracir,blessetx,1034.0
2015,PRT,PASSCAR,TOT,M,1200.0,injracir,blessetx,4110.0
2015,SVK,PASSCAR,TOT,M,1199.9999999999986,injracir,blessetx,1245.0
2015,SWE,PASSCAR,TOT,M,1200.0000000000023,injracir,blessetx,2020.0
2015,TUR,PASSCAR,TOT,M,1200.0000000000002,injracir,blessetx,3866.0
2015,USA,PASSCAR,TOT,M,1199.999999999999,injracir,blessetx,7673.0
2016,AUS,PASSCAR,TOT,M,1131.5253750850811,injracir,blessetx,1597.0
2016,AUT,PASSCAR,TOT,M,1281.8615805934107,injracir,blessetx,5537.0
2016,BEL,PASSCAR,TOT,M,1292.093257175701,injracir,blessetx,4515.0
2016,BGR,PASSCAR,TOT,M,1395.9102902374668,injracir,blessetx,1315.0
2016,CAN,PASSCAR,TOT,M,1113.6895954357713,injracir,blessetx,4397.0
2016,CHE,PASSCAR,TOT,M,1171.3446413342178,injracir,blessetx,2555.0
2016,CZE,PASSCAR,TOT,M,1349.890191763733,injracir,blessetx,2557.0
2016,DEU,PASSCAR,TOT,M,1254.4840023929808,injracir,blessetx,4817.0
2016,DNK,PASSCAR,TOT,M,1291.8703908019268,injracir,blessetx,563.0
2016,ESP,PASSCAR,TOT,M,1330.9261364954855,injracir,blessetx,3022.0
2016,EST,PASSCAR,TOT,M,1278.8558395894725,injracir,blessetx,1399.0
2016,FIN,PASSCAR,TOT,M,1312.2708350563782,injracir,blessetx,1076.0
2016,GBR,PASSCAR,TOT,M,1227.0132974976668,injracir,blessetx,2881.0
2016,GRC,PASSCAR,TOT,M,1248.5831882222571,injracir,blessetx,1282.0
2016,HRV,PASSCAR,TOT,M,1481.9319613607722,injracir,blessetx,3498.0
2016,HUN,PASSCAR,TOT,M,1500.9835300825446,injracir,blessetx,2235.0
2016,IRL,PASSCAR,TOT,M,1406.3017091899926,injracir,blessetx,1627.0
2016,ISL,PASSCAR,TOT,M,1583.633901204649,injracir,blessetx,4206.0
2016,ISR,PASSCAR,TOT,M,1338.0746099503629,injracir,blessetx,2787.0
2016,ITA,PASSCAR,TOT,M,1384.2153521048062,injracir,blessetx,4110.0
2016,JPN,PASSCAR,TOT,M,1243.0422797686078,injracir,blessetx,4875.0
2016,KOR,PASSCAR,TOT,M,1200.7099055014437,injracir,blessetx,6530.0
2016,LTU,PASSCAR,TOT,M,1428.3036551077776,injracir,blessetx,1307.0
2016,LUX,PASSCAR,TOT,M,1305.558065973792,injracir,blessetx,2059.0
2016,LVA,PASSCAR,TOT,M,1438.6408189936838,injracir,blessetx,2372.0
2016,NLD,PASSCAR,TOT,M,1028.279959942139,injracir,blessetx,1213.0
2016,NOR,PASSCAR,TOT,M,1190.8808054378426,injracir,blessetx,1058.0
2016,NZL,PASSCAR,TOT,M,1267.504680843933,injracir,blessetx,8019.0
2016,POL,PASSCAR,TOT,M,1416.9909194097627,injracir,blessetx,1061.0
2016,PRT,PASSCAR,TOT,M,1393.7110300667214,injracir,blessetx,4140.0
2016,SVK,PASSCAR,TOT,M,1359.3822274759727,injracir,blessetx,1272.0
2016,SWE,PASSCAR,TOT,M,1286.4759126023694,injracir,blessetx,1894.0
2016,TUR,PASSCAR,TOT,M,1199.839185205038,injracir,blessetx,3806.0
2016,USA,PASSCAR,TOT,M,1097.1623396133582,injracir,blessetx,9504.0
2017,AUS,PASSCAR,TOT,M,1047.1828623398483,injracir,blessetx,1588.0
2017,AUT,PASSCAR,TOT,M,1374.0953800781065,injracir,blessetx,5373.0
2017,BEL,PASSCAR,TOT,M,1308.9485217516255,injracir,blessetx,4259.0
2017,BGR,PASSCAR,TOT,M,1645.6959102902379,injracir,blessetx,1227.0
2017,CAN,PASSCAR,TOT,M,1089.8891231774403,injracir,blessetx,4181.0
2017,CHE,PASSCAR,TOT,M,1153.704649037271,injracir,blessetx,2534.0
2017,CZE,PASSCAR,TOT,M,1411.757061730854,injracir,blessetx,2550.0
2017,DEU,PASSCAR,TOT,M,1288.0408927893045,injracir,blessetx,4722.0
2017,DNK,PASSCAR,TOT,M,1286.0519133615946,injracir,blessetx,545.0
2017,ESP,PASSCAR,TOT,M,1432.8672870303762,injracir,blessetx,2990.0
2017,EST,PASSCAR,TOT,M,1460.686116126581,injracir,blessetx,1317.0
2017,FIN,PASSCAR,TOT,M,1307.7164833347122,injracir,blessetx,1012.0
2017,GBR,PASSCAR,TOT,M,1157.6749295520076,injracir,blessetx,2700.0
2017,GRC,PASSCAR,TOT,M,1394.8868133607734,injracir,blessetx,1232.0
2017,HRV,PASSCAR,TOT,M,1705.8042839143209,injracir,blessetx,3537.0
2017,HUN,PASSCAR,TOT,M,1807.907115367172,injracir,blessetx,2255.0
2017,IRL,PASSCAR,TOT,M,1258.8060440921467,injracir,blessetx,1623.0
2017,ISL,PASSCAR,TOT,M,1814.4985387411793,injracir,blessetx,3992.0
2017,ISR,PASSCAR,TOT,M,1325.9910676559907,injracir,blessetx,2826.0
2017,ITA,PASSCAR,TOT,M,1501.4530704717597,injracir,blessetx,4076.0
2017,JPN,PASSCAR,TOT,M,1305.8353069068603,injracir,blessetx,4584.0
2017,KOR,PASSCAR,TOT,M,1196.769269048741,injracir,blessetx,6275.0
2017,LTU,PASSCAR,TOT,M,1816.026241799437,injracir,blessetx,1259.0
2017,LUX,PASSCAR,TOT,M,1362.726744561356,injracir,blessetx,2131.0
2017,LVA,PASSCAR,TOT,M,1454.846438684383,injracir,blessetx,2485.0
2017,NLD,PASSCAR,TOT,M,1107.03371536664,injracir,blessetx,1197.0
2017,NOR,PASSCAR,TOT,M,1253.8209948522513,injracir,blessetx,997.0
2017,NZL,PASSCAR,TOT,M,1378.553147998442,injracir,blessetx,8583.0
2017,POL,PASSCAR,TOT,M,1648.77412031782,injracir,blessetx,1027.0
2017,PRT,PASSCAR,TOT,M,1493.31271743332,injracir,blessetx,4423.0
2017,SVK,PASSCAR,TOT,M,1479.8170324304879,injracir,blessetx,1261.0
2017,SWE,PASSCAR,TOT,M,1302.1053678591552,injracir,blessetx,1971.0
2017,TUR,PASSCAR,TOT,M,1193.2457786116324,injracir,blessetx,3717.0
2017,USA,PASSCAR,TOT,M,970.5809078696147,injracir,blessetx,8461.0
2018,AUS,PASSCAR,TOT,M,880.7178053183835,injracir,blessetx,1573.0
2018,AUT,PASSCAR,TOT,M,1326.4461765325464,injracir,blessetx,5264.0
2018,BEL,PASSCAR,TOT,M,1316.3104261714032,injracir,blessetx,4265.0
2018,BGR,PASSCAR,TOT,M,1855.5079155672809,injracir,blessetx,1204.0
2018,CAN,PASSCAR,TOT,M,987.795407133291,injracir,blessetx,4125.0
2018,CHE,PASSCAR,TOT,M,1103.689823716235,injracir,blessetx,2564.0
2018,CZE,PASSCAR,TOT,M,1358.955543908134,injracir,blessetx,2596.0
2018,DEU,PASSCAR,TOT,M,1285.9886426940136,injracir,blessetx,4777.0
2018,DNK,PASSCAR,TOT,M,1268.660356541431,injracir,blessetx,567.0
2018,ESP,PASSCAR,TOT,M,1530.167312556563,injracir,blessetx,2966.0
2018,EST,PASSCAR,TOT,M,1447.5149672146727,injracir,blessetx,1390.0
2018,FIN,PASSCAR,TOT,M,1328.8672014997405,injracir,blessetx,961.0
2018,GBR,PASSCAR,TOT,M,1078.6304021677583,injracir,blessetx,2521.0
2018,GRC,PASSCAR,TOT,M,1637.422827291435,injracir,blessetx,1224.0
2018,HRV,PASSCAR,TOT,M,2017.3372532549356,injracir,blessetx,3420.0
2018,HUN,PASSCAR,TOT,M,2123.647484158556,injracir,blessetx,2315.0
2018,IRL,PASSCAR,TOT,M,1200.4656923458017,injracir,blessetx,1646.0
2018,ISL,PASSCAR,TOT,M,1537.7860146838705,injracir,blessetx,3603.0
2018,ISR,PASSCAR,TOT,M,1257.323376915697,injracir,blessetx,2556.0
2018,ITA,PASSCAR,TOT,M,1451.9359033623048,injracir,blessetx,4057.0
2018,JPN,PASSCAR,TOT,M,1284.7343579276637,injracir,blessetx,4159.0
2018,KOR,PASSCAR,TOT,M,1195.4171051199248,injracir,blessetx,6256.0
2018,LTU,PASSCAR,TOT,M,2278.467666354264,injracir,blessetx,1210.0
2018,LUX,PASSCAR,TOT,M,1363.5788522367834,injracir,blessetx,2001.0
2018,LVA,PASSCAR,TOT,M,1470.6164234371597,injracir,blessetx,2491.0
2018,NLD,PASSCAR,TOT,M,1194.7043507288308,injracir,blessetx,1221.0
2018,NOR,PASSCAR,TOT,M,1186.6556696339705,injracir,blessetx,930.0
2018,NZL,PASSCAR,TOT,M,1285.9918153297108,injracir,blessetx,8298.0
2018,POL,PASSCAR,TOT,M,1811.1997729852465,injracir,blessetx,973.0
2018,PRT,PASSCAR,TOT,M,1532.4381102838606,injracir,blessetx,4386.0
2018,SVK,PASSCAR,TOT,M,1512.2577992496272,injracir,blessetx,1266.0
2018,SWE,PASSCAR,TOT,M,1211.9458903882494,injracir,blessetx,1843.0
2018,TUR,PASSCAR,TOT,M,846.2235325649962,injracir,blessetx,3744.0
2018,USA,PASSCAR,TOT,M,846.4249708375849,injracir,blessetx,8294.0
2019,AUT,PASSCAR,TOT,M,1280.9243084701268,injracir,blessetx,5085.0
2019,BEL,PASSCAR,TOT,M,1317.2133012417512,injracir,blessetx,4034.0
2019,BGR,PASSCAR,TOT,M,1950.148416886544,injracir,blessetx,1218.0
2019,CAN,PASSCAR,TOT,M,837.0107900640442,injracir,blessetx,3755.0
2019,CHE,PASSCAR,TOT,M,1141.3394142622658,injracir,blessetx,2482.0
2019,CZE,PASSCAR,TOT,M,1299.0639226880714,injracir,blessetx,2434.0
2019,DEU,PASSCAR,TOT,M,1350.1724556322106,injracir,blessetx,4624.0
2019,DNK,PASSCAR,TOT,M,1310.138784042738,injracir,blessetx,529.0
2019,ESP,PASSCAR,TOT,M,1459.966815956189,injracir,blessetx,2958.0
2019,EST,PASSCAR,TOT,M,1516.0505559251162,injracir,blessetx,1332.0
2019,FIN,PASSCAR,TOT,M,1259.3719846717954,injracir,blessetx,908.0
2019,GBR,PASSCAR,TOT,M,1053.1098692501955,injracir,blessetx,2399.0
2019,GRC,PASSCAR,TOT,M,1806.3954408738323,injracir,blessetx,1212.0
2019,HRV,PASSCAR,TOT,M,2114.674506509871,injracir,blessetx,3165.0
2019,HUN,PASSCAR,TOT,M,2455.186533801558,injracir,blessetx,2272.0
2019,IRL,PASSCAR,TOT,M,1122.6653455536289,injracir,blessetx,1542.0
2019,ISL,PASSCAR,TOT,M,1003.3502031506176,injracir,blessetx,3134.0
2019,ISR,PASSCAR,TOT,M,1224.6504262805197,injracir,blessetx,2500.0
2019,ITA,PASSCAR,TOT,M,1456.4231251809674,injracir,blessetx,4041.0
2019,JPN,PASSCAR,TOT,M,1252.0916921336216,injracir,blessetx,3652.0
2019,KOR,PASSCAR,TOT,M,1173.701616790989,injracir,blessetx,6608.0
2019,LTU,PASSCAR,TOT,M,3264.925023430178,injracir,blessetx,1349.0
2019,LUX,PASSCAR,TOT,M,1420.3860305984126,injracir,blessetx,2085.0
2019,LVA,PASSCAR,TOT,M,1588.760618601613,injracir,blessetx,2383.0
2019,NLD,PASSCAR,TOT,M,1202.4755758317574,injracir,blessetx,1203.0
2019,NOR,PASSCAR,TOT,M,1104.4532294303347,injracir,blessetx,815.0
2019,NZL,PASSCAR,TOT,M,1230.766653123285,injracir,blessetx,8042.0
2019,POL,PASSCAR,TOT,M,1891.934165720771,injracir,blessetx,924.0
2019,PRT,PASSCAR,TOT,M,1504.4856388968235,injracir,blessetx,4572.0
2019,SVK,PASSCAR,TOT,M,1568.1040242586218,injracir,blessetx,1201.0
2019,SWE,PASSCAR,TOT,M,1216.6738503365268,injracir,blessetx,1738.0
2019,TUR,PASSCAR,TOT,M,621.7099973197534,injracir,blessetx,3406.0
2019,USA,PASSCAR,TOT,M,752.2922813841645,injracir,blessetx,8326.0
2020,AUT,PASSCAR,TOT,M,967.373725915963,injracir,blessetx,4231.0
2020,BEL,PASSCAR,TOT,M,1033.3752439798354,injracir,blessetx,3181.0
2020,CAN,PASSCAR,TOT,M,548.3374092053874,injracir,blessetx,2670.0
2020,CHE,PASSCAR,TOT,M,868.6183106470256,injracir,blessetx,2292.0
2020,ESP,PASSCAR,TOT,M,987.6511266330958,injracir,blessetx,1997.0
2020,EST,PASSCAR,TOT,M,1069.0867623301344,injracir,blessetx,1216.0
2020,GBR,PASSCAR,TOT,M,743.2217848242439,injracir,blessetx,1701.0
2020,GRC,PASSCAR,TOT,M,1280.7661864809256,injracir,blessetx,1009.0
2020,HUN,PASSCAR,TOT,M,1990.540488007153,injracir,blessetx,1864.0
2020,IRL,PASSCAR,TOT,M,835.3628932375523,injracir,blessetx,1124.0
2020,ISL,PASSCAR,TOT,M,801.4826430964433,injracir,blessetx,2748.0
2020,ISR,PASSCAR,TOT,M,1043.0466322061936,injracir,blessetx,1945.0
2020,ITA,PASSCAR,TOT,M,1051.145997896972,injracir,blessetx,2679.0
2020,JPN,PASSCAR,TOT,M,1099.8760947093429,injracir,blessetx,2929.0
2020,KOR,PASSCAR,TOT,M,1268.0016380440916,injracir,blessetx,5913.0
2020,LTU,PASSCAR,TOT,M,2827.9287722586687,injracir,blessetx,1128.0
2020,NOR,PASSCAR,TOT,M,1076.720229800063,injracir,blessetx,825.0
2020,NZL,PASSCAR,TOT,M,975.0681706801143,injracir,blessetx,7035.0
2020,POL,PASSCAR,TOT,M,1458.6163450624292,injracir,blessetx,695.0
2020,PRT,PASSCAR,TOT,M,977.5768474479418,injracir,blessetx,3268.0
2020,SVK,PASSCAR,TOT,M,1176.609960425554,injracir,blessetx,982.0
2020,SWE,PASSCAR,TOT,M,1005.2584463379864,injracir,blessetx,1499.0
2020,TUR,PASSCAR,TOT,M,967.4618064861968,injracir,blessetx,2706.0
2020,USA,PASSCAR,TOT,M,542.2317197284036,injracir,blessetx,6886.0
2021,AUT,PASSCAR,TOT,M,932.6168754354974,injracir,blessetx,4568.0
2021,BEL,PASSCAR,TOT,M,917.5390068374224,injracir,blessetx,3630.0
2021,CAN,PASSCAR,TOT,M,552.5489876769215,injracir,blessetx,2840.0
2021,CHE,PASSCAR,TOT,M,879.1714938115747,injracir,blessetx,2290.0
2021,ESP,PASSCAR,TOT,M,997.2570951198568,injracir,blessetx,2482.0
2021,EST,PASSCAR,TOT,M,1273.5531692483123,injracir,blessetx,1331.0
2021,GBR,PASSCAR,TOT,M,750.5657673448635,injracir,blessetx,1914.0
2021,GRC,PASSCAR,TOT,M,1598.7810669621658,injracir,blessetx,1157.0
2021,HUN,PASSCAR,TOT,M,1895.126407588343,injracir,blessetx,1971.0
2021,IRL,PASSCAR,TOT,M,1009.1949467426311,injracir,blessetx,1227.0
2021,ISL,PASSCAR,TOT,M,1094.4472164801487,injracir,blessetx,3095.0
2021,ISR,PASSCAR,TOT,M,1401.7098607233534,injracir,blessetx,2120.0
2021,ITA,PASSCAR,TOT,M,1109.712281379058,injracir,blessetx,3511.0
2021,JPN,PASSCAR,TOT,M,1064.8365215558595,injracir,blessetx,2886.0
2021,KOR,PASSCAR,TOT,M,1150.8788935945217,injracir,blessetx,5627.0
2021,LTU,PASSCAR,TOT,M,2206.068416119962,injracir,blessetx,1133.0
2021,NOR,PASSCAR,TOT,M,1322.9180057450044,injracir,blessetx,844.0
2021,POL,PASSCAR,TOT,M,1524.303064699205,injracir,blessetx,697.0
2021,PRT,PASSCAR,TOT,M,985.7783902791548,injracir,blessetx,3652.0
2021,SWE,PASSCAR,TOT,M,1042.117303802924,injracir,blessetx,1450.0
2021,TUR,PASSCAR,TOT,M,987.2420262664164,injracir,blessetx,3243.0
2021,USA,PASSCAR,TOT,M,533.9770361422675,injracir,blessetx,7483.0
